{
   "coax_length": 0.02072778210415253,
   "LJmin": 1e-11,
   "L0": 2.5e-11,
   "C0": 1.740521141606424e-11,
   "Cin": 9.553516757335496e-13,
   "phi": 0.19219606889656324
}