{
   "coax_length": 0.030555290151080834,
   "LJmin": 7.2138590621705636e-12,
   "L0": 2.601510025e-11,
   "C0": 6.564243339928634e-12,
   "Cin": 9.553516757335496e-13,
   "phi": 0.7739926385126255
}